cell_id,weighted_population,historical_density,weighted_housing_units,log_density,log_pop,r_j,cluster_label
0,1.0,1.802890032722454e-06,0.01651085486883,0.0018012667772286657,0.6931471805599453,0.23921199865400342,7
1,1.0,1.0817340196334724e-05,0.4138219558148022,0.010759251307922643,0.6931471805599453,0.2481699831846974,7
2,2.283645130537202,5.408670098167362e-06,0.9623240231746332,0.005394095770254811,1.1889541256225207,0.12709751425207358,7
3,4.183014108797972,1.802890032722454e-06,1.7633418720365732,0.0018012667772286657,1.6453867613335138,0.016986221671910245,1
4,3.3101467503665254,1.2620230229057179e-05,1.3958814243842237,0.012541258854061885,1.4609719523449476,0.07076341262383769,7
5,1.0,1.802890032722454e-06,0.0939857714101274,0.0018012667772286657,0.6931471805599453,0.23921199865400342,7
6,1.0,1.802890032722454e-06,0.0408652064523686,0.0018012667772286657,0.6931471805599453,0.23921199865400342,7
7,1.0,3.605780065444908e-06,0.0023222687371953,0.00359929482539553,0.6931471805599453,0.24101002670217028,7
8,1.0,1.802890032722454e-06,0.1030484470946302,0.0018012667772286657,0.6931471805599453,0.23921199865400342,7
9,7.476817611681346,3.786069068717154e-05,3.1495667867123256,0.037161566379562375,2.137335097726683,-0.06246030202668333,1
10,7.705222242291096,0.00010637051193062479,3.246978728424175,0.10108484874517916,2.1639231033125332,-0.0047419079255513336,1
11,7.705222242256101,9.555317173429006e-05,3.248142496562736,0.09125941537419376,2.1639231033085133,-0.014567341295598599,1
12,7.705222242279035,3.605780065444908e-05,3.2493064799299085,0.035422934418467014,2.1639231033111477,-0.07040382225194007,1
13,7.705222242267992,1.802890032722454e-06,3.2504706784861126,0.0018012667772286657,2.1639231033098794,-0.10402548989288243,1
14,7.705222242278015,0.00031911153579187437,3.2516350921448813,0.2769584310334021,2.1639231033110304,0.17113167436302235,1
15,6.3768242783699085,0.00010276473186517989,2.689158205717757,0.09782041912037091,1.9983432314164682,0.030635319893459953,1
16,10.56659740019428,5.588959101439608e-05,4.357783816589855,0.05438362585428299,2.448121409810947,-0.11776697489284996,1
17,1.5697050023210335,1.802890032722454e-06,0.6612644910698658,0.0018012667772286657,0.9437911072297239,0.18071879749470499,7
18,7.705222242279715,3.2452020589004175e-05,3.2469908390181628,0.031936575610133675,2.163923103311226,-0.07389018106029173,1
19,7.705222242270373,9.735606176701252e-05,3.2481546116020388,0.09290370635658789,2.1639231033101525,-0.01292305031358694,1
20,7.705222242273939,5.949537107984099e-05,3.2493185994285945,0.05779272975002903,2.1639231033105624,-0.048034026920241495,1
21,7.705222242286511,4.1466470752616446e-05,3.25048280243878,0.04062978797227178,2.1639231033120065,-0.06519696869833581,1
22,39.05879931224163,0.0003894242470680501,13.623872602495794,0.32888945059122465,3.69034835755289,-0.1331617741415122,3
23,12.794358486349898,0.0006850982124345325,5.2994777713661705,0.5218238484170392,2.624259703242513,0.3085675533630895,1
24,54.97065625892951,3.2452020589004175e-05,22.671747013362097,0.031936575610133675,4.024827558025336,-0.5081726312839364,3
25,8.657006623800712,9.194739166884516e-05,3.5773373494650498,0.08796270003477523,2.2676837268912156,-0.04207885053917372,1
26,1.0,1.802890032722454e-06,3.8577079683099074e-05,0.0018012667772286657,0.6931471805599453,0.23921199865400342,7
27,3.6476580538056567,3.064913055628172e-05,1.537146253861311,0.030188827574948156,1.5363634483849828,0.07081673917750712,7
28,8.93937364802627,0.00011718785212695952,3.612335120684623,0.1108146815308056,2.2965040054060277,-0.02595270665282516,1
29,48.885639040707865,0.00010276473186517989,17.08679734524941,0.09782041912037091,3.9097331665612156,-0.4154290131058393,3
30,113.28961682675016,9.735606176701252e-05,38.635013326675264,0.09290370635658789,4.738735725263674,-0.6138114685749803,2
31,313.7609310686225,0.00042548204772249916,108.29469576101069,0.3545100356206462,5.751813401689548,-0.5886288065607787,2
32,44.41081014286241,0.0002704335049083681,18.314541783552567,0.23935818467395434,3.815750185577505,-0.2519582787974476,3
33,52.11776552210786,4.1466470752616446e-05,21.496096999513632,0.04062978797227178,3.9725114395640784,-0.48727031702299284,3
34,23.695605488826804,7.932716143978798e-05,9.92292784295232,0.07633784832495727,3.2066253123729904,-0.2728261033625641,3
35,3.0810915563550965,3.786069068717154e-05,1.9271252809798525,0.037161566379562375,1.4063644909564028,0.10812755665971598,7
36,1.8758528533410517,1.802890032722454e-06,1.173685402291922,0.0018012667772286657,1.0563492748993577,0.15445090570454745,7
37,1.0944864463541653,1.6226010294502088e-05,0.6850396921836306,0.016095775494983776,0.7393083903189233,0.24273378702674953,7
38,1.0,1.802890032722454e-06,0.2892884634755305,0.0018012667772286657,0.6931471805599453,0.23921199865400342,7
39,1.0,1.802890032722454e-06,0.0564407607720014,0.0018012667772286657,0.6931471805599453,0.23921199865400342,7
40,1.0,1.802890032722454e-06,0.0001602816494321,0.0018012667772286657,0.6931471805599453,0.23921199865400342,7
41,1.0,1.802890032722454e-06,2.0177765410495462e-05,0.0018012667772286657,0.6931471805599453,0.23921199865400342,7
42,1.0,1.802890032722454e-06,0.0128156596626336,0.0018012667772286657,0.6931471805599453,0.23921199865400342,7
43,46.096611659011906,0.0013611819747054528,16.15026162297811,0.8591623304002579,3.8522010591355063,0.3593392643241602,3
44,589.5605949325934,0.00037139534674082556,210.63649677700957,0.3158287227902002,6.381072246685329,-0.7741613305522255,6
45,390.50271038560425,0.0006544490818782508,141.20542461835095,0.5034680723715023,5.969992438486342,-0.49058758418344894,2
46,1131.1628019142518,0.002001207936321924,542.9764800572668,1.0990148530688284,7.031885066367771,-0.14285649931217215,6
47,27.167841326462906,0.00016406299297774333,11.617004832087162,0.15191646552341098,3.3381809487235263,-0.22794884965986206,3
48,34.03485119751656,0.0001099762919960697,14.786365338627103,0.10433865653404606,3.556343314561203,-0.3264395824925571,3
49,15.153015489124137,0.00021274102386124958,6.4313912219354465,0.19288310664084385,2.782106749831931,-0.057210223210762745,1
50,5.523720545754313,7.211560130889816e-06,3.454866721559149,0.007185681175075084,1.8754448490397237,-0.031318412698826216,1
51,5.523720545747249,1.802890032722454e-06,3.456103282843216,0.0018012667772286657,1.8754448490386408,-0.03670282709641989,1
52,5.523720545759064,1.802890032722454e-06,3.4573400720092997,0.0018012667772286657,1.8754448490404518,-0.036702827096842555,1
53,5.52372054574591,7.211560130889816e-06,3.4585770889681697,0.007185681175075084,1.8754448490384357,-0.03131841269852562,1
54,5.52372054575212,7.572138137434308e-05,3.459814333679717,0.07299148896586288,1.8754448490393876,0.03448739509204002,1
55,3.241529438756263,1.2620230229057179e-05,2.013955162131321,0.012541258854061885,1.4449239208890408,0.07450856912786037,7
56,1.9301288406281296,3.605780065444908e-05,0.9707994013111771,0.035422934418467014,1.0750463949728204,0.18370919450757645,7
57,1.4948864699791131,9.01445016361227e-06,0.7521366626413306,0.00897406254108627,0.9142432251538049,0.19478723295373482,7
58,1.0,3.786069068717154e-05,0.1688823528066654,0.037161566379562375,0.6931471805599453,0.2745722982563371,7
59,1.0,1.802890032722454e-06,0.0017018167006492,0.0018012667772286657,0.6931471805599453,0.23921199865400342,7
60,50.84370372820486,0.00019290923350130258,18.455110046680684,0.17639505765748356,3.9482334948662423,-0.34583926192732584,3
61,537.1009159214179,0.003097365076217176,198.4028382663908,1.4103441027757428,6.2880461186337095,0.3420637157854689,5
62,1422.763175709571,0.001215147882054934,564.130540288702,0.7953191651759078,7.261058768948296,-0.5000348455067439,6
63,932.642901619908,0.002664671468363787,556.0590822442392,1.2987386910379526,6.839094032808477,0.10185931136311765,0
64,57.645762293975665,0.0019110634346858014,27.938183547513137,1.0685184558987135,4.071515318336865,0.5175136466580631,3
65,51.98972055609897,5.769248104711853e-05,22.688632711697984,0.05608963055012401,3.970097942969327,-0.47124723262360607,3
66,15.034244704585385,9.194739166884516e-05,6.808271311241825,0.08796270003477523,2.774726729109977,-0.1604083417790374,1
67,5.523720545752364,1.6226010294502088e-05,3.4548789307763847,0.016095775494983776,1.8754448490394249,-0.02240831837884775,1
68,5.523720545743108,8.834161160340025e-05,3.456115496534809,0.0846550804050779,1.875444849038006,0.046150986531577495,1
69,5.523720545753948,4.1466470752616446e-05,3.457352290185494,0.04062978797227178,1.8754448490396678,0.002125694098383521,1
70,5.5237205457423775,1.802890032722454e-05,3.4585893116277755,0.017868307044835906,1.875444849037894,-0.020635786828638404,1
71,5.523720545754069,0.00015144276274868616,3.45982656082202,0.1410157323551134,1.8754448490396862,0.10251163848122086,1
72,2.471627010702715,0.00045252539821333596,1.4963985991457671,0.3733036954522141,1.2446233632343282,0.48201548889337364,7
73,2.763075157114624,5.408670098167362e-06,1.3897391137760715,0.005394095770254811,1.3252364840705324,0.09529306754921903,7
74,2.7630751571151113,3.2452020589004175e-05,1.390236009416027,0.031936575610133675,1.3252364840706619,0.12183554738906764,7
75,2.744277920871847,1.6226010294502088e-05,1.381275277787189,0.016095775494983776,1.320228786862457,0.10716340212239653,7
76,2.2655595540536413,3.786069068717154e-05,1.200201878517601,0.037161566379562375,1.1834311275403617,0.1601538963547275,7
77,1.0,3.064913055628172e-05,0.3334191415599855,0.030188827574948156,0.6931471805599453,0.2675995594517229,7
78,132.90527350327278,0.00018750056340313524,48.59602186921636,0.17185073137129214,4.897132635814602,-0.5718298010495623,2
79,1003.677667865014,0.001981376145961977,444.13808192769375,1.0923849878702754,6.91242204055627,-0.12160707418546246,6
80,3528.205423206482,0.004876817538514239,1937.807308588429,1.7710153804434734,8.168828032014138,0.2638137067584183,0
81,706.4940439624061,0.001591951898893927,401.54969504670265,0.9524112207923441,6.561729211054263,-0.17973905680950453,6
82,84.82899806632665,0.00044891961814789104,44.289284808549525,0.3708181877817865,4.452356922194984,-0.2690642768654205,3
83,22.658129902568454,0.0002433901544175313,10.019077774652462,0.21784164454728627,3.1637068149601255,-0.121306344112601,3
84,5.523720545761012,9.194739166884516e-05,3.454890914128793,0.08796270003477523,1.8754448490407507,0.049458606160634286,1
85,4.006129506849843,1.802890032722454e-06,2.4865031382708924,0.0018012667772286657,1.6106630630005292,0.025089750445069087,1
86,2.543154786553048,1.0817340196334724e-05,1.3505617026359389,0.010759251307922643,1.2650175129203063,0.11471162721240112,7
87,2.5731189779068058,3.4254910621726625e-05,1.3358255988376444,0.033681274350748434,1.273438877649142,0.13566834198837788,7
88,2.5646596197261275,1.0817340196334724e-05,1.3380639364669693,0.010759251307922643,1.2710685709702205,0.11329948146267964,7
89,1.6346568331575015,4.687514085078381e-05,0.7843220359474833,0.04580967057531744,0.9687529394163046,0.21890181589130353,7
90,2.7630751571094465,2.3437570425391905e-05,1.389743934392673,0.02316712809412868,1.3252364840691564,0.11306609987341398,7
91,2.763075157110361,2.8846240523559265e-05,1.3902408318032666,0.02843801956772775,1.3252364840693993,0.11833699134695637,7
92,2.7630751571183407,1.6226010294502088e-05,1.3907378205281224,0.016095775494983776,1.32523648407152,0.10599474727371747,7
93,2.2404325942757666,9.01445016361227e-06,1.132346166551803,0.00897406254108627,1.1757068376434496,0.1337690232392694,7
94,7.509097250894986,5.2283810948951167e-05,4.025506813857043,0.050962860201691225,2.1411358559823856,-0.04954599764875344,1
95,2.4626843761788737,1.802890032722454e-05,1.320652051094758,0.017868307044835906,1.2420441195336978,0.1271820229926541,7
96,1.0,1.802890032722454e-06,0.0494342398808472,0.0018012667772286657,0.6931471805599453,0.23921199865400342,7
97,1.0,1.4423120261779633e-05,0.3931614011566482,0.014320096497260232,0.6931471805599453,0.251730828374035,7
98,702.9004643457816,0.0008924305661976148,303.11440841407597,0.6378620167251643,6.556636960289649,-0.4930998736203651,6
99,984.8912702110132,0.005277059125778623,515.8673313398647,1.8369015787236629,6.893546074902391,0.6273146330046278,5
100,1099.6252105248057,0.0008852190060667249,679.2243665371258,0.6340439977409581,7.003633670527959,-0.6012342781516332,6
101,1085.9966581109245,0.0015901490088612044,614.2599907602389,0.951715406435366,6.99117381270151,-0.2806550911601714,6
102,954.1343452177564,0.001353970414574563,630.4722797373495,0.8561034406089619,6.86185200620753,-0.346087006178872,6
103,4.389485760736083,0.00010817340196334725,2.7353250647282845,0.10271307604716967,1.6844499741980343,0.10878178225243745,1
104,4.346487432569134,9.01445016361227e-06,2.009029814798941,0.00897406254108627,1.676439790621544,0.016912118965559088,1
105,4.699892274274213,9.01445016361227e-06,2.17164704325878,0.00897406254108627,1.7404472754117735,0.001974582942720104,1
106,4.699892274249862,2.3437570425391905e-05,2.172424046641816,0.02316712809412868,1.740447275407501,0.016167648496759605,1
107,4.699892274275041,2.3437570425391905e-05,2.1732011930946764,0.02316712809412868,1.7404472754119187,0.016167648495728652,1
108,4.080470758013879,0.0002001207936321924,1.8880124245658831,0.18242221308810022,1.6254039261972633,0.20227059634064407,7
109,2.056363174524251,5.769248104711853e-05,1.0291837550193177,0.05608963055012401,1.1172257040746147,0.1945324332499706,7
110,2.7630751571145034,2.7043350490836812e-05,1.390245563300902,0.026684140854827336,1.3252364840705002,0.11658311263379906,7
111,2.7630751571152947,3.064913055628172e-05,1.3907425537599742,0.030188827574948156,1.3252364840707105,0.1200877993538708,7
112,2.7630751571168783,1.0817340196334724e-05,1.3912396355228491,0.010759251307922643,1.3252364840711313,0.10065822308674709,7
113,6.351901125125725,7.752427140706552e-05,3.4037049573228284,0.07466606840987698,1.9949589362586158,0.008270767922879271,1
114,8.239800046443298,7.391849134162062e-05,4.418794561515845,0.07131410060111605,2.2235202454241305,-0.04842094289056646,1
115,7.81822160535376,2.1634680392669448e-05,4.194211787404126,0.021403972294564443,2.176820217642167,-0.08743260597001482,1
116,3.012006676504088,9.555317173429006e-05,1.6163792763128868,0.09125941537419376,1.3892915342319254,0.16620975071842925,7
117,1.0,8.113005147251044e-05,0.1623881277296842,0.07800683805587816,0.6931471805599453,0.3154175699326529,7
118,1.0,1.802890032722454e-06,0.0002464426602847,0.0018012667772286657,0.6931471805599453,0.23921199865400342,7
119,3.882279209313979,3.4254910621726625e-05,1.9076075041527016,0.033681274350748434,1.5856121619195747,0.06281592958005058,1
120,92.9770159039182,0.0002271641441230292,55.19581836323873,0.20470593357284222,4.543050240711709,-0.45634178568191947,2
121,529.2143028211347,0.0009465172671792884,364.1620749353618,0.6660417589148677,6.273281269766317,-0.39879293008319094,6
122,998.33094766674,0.0012800519232329425,559.4695062521338,0.8241982160548225,6.907086002733485,-0.38854856574254715,6
123,315.5875493610969,0.00031189997566098454,141.0979876993897,0.27147644955235445,5.757599820587383,-0.673012779087981,2
124,595.1747867196644,0.0008383438652159412,256.74855864364815,0.6088650930595352,6.390533890379354,-0.4833330402281961,6
125,89.22897628289653,0.003602174285379463,50.53003346018575,1.526528862556092,4.502350620301978,0.8749792832138525,5
126,4.69519418744882,2.3437570425391905e-05,2.168707836440526,0.02316712809412868,1.7396226942017274,0.016360082420782178,1
127,4.699892274277218,1.802890032722454e-06,2.1716542918261363,0.0018012667772286657,1.7404472754123006,-0.005198212821260512,1
128,8.848080596127684,3.4254910621726625e-05,1.324649295711164,0.033681274350748434,2.2872765728583797,-0.10093269214273878,1
129,145.29483509290532,0.0011772871913677625,0.187491664785012,0.7780796942534141,4.985624003868413,0.013747780164522716,2
130,34.828093648287926,6.670693121073081e-05,0.8169722899537992,0.0645762684351931,3.5787323244391613,-0.37142693205745964,3
131,4.67421603340068,1.0817340196334724e-05,2.162882452481076,0.010759251307922643,1.7359324099305664,0.004813413576360434,1
132,2.5051156316209324,8.293294150523289e-05,1.1702618437844878,0.07967304690070304,1.2542235104191077,0.18614443760041494,7
133,1.883623877011786,3.966358071989399e-05,0.9379411698528564,0.03889718074529051,1.0590477937927492,0.19091706171054512,7
134,2.763075157120778,1.802890032722454e-05,1.3912442795308044,0.017868307044835906,1.3252364840721675,0.1077672788234185,7
135,5.1029269602519,4.507225081806135e-05,2.7311206009375812,0.044086022565561274,1.8087684856473707,0.021142305471176966,1
136,8.23980004644003,0.00010456762189790233,4.418809311881895,0.09945396599478049,2.223520245423777,-0.02028107749681954,1
137,8.23980004645238,2.1634680392669448e-05,4.420387867782817,0.021403972294564443,2.2235202454251137,-0.09833107119734755,1
138,8.239800046457834,0.00017127455310863313,4.421966713139128,0.1580925175171598,2.223520245425704,0.03835747402511014,1
139,6.160995912390996,0.00020552946373035978,2.8286700759372643,0.18691885942739464,1.9686490652092503,0.12666353847316766,1
140,10.0240219103653,6.490404117800835e-05,4.444864123913206,0.0628846929216693,2.400076701784322,-0.09805363227352638,1
141,5.113990432362067,6.129826111256344e-05,2.2684015196613028,0.05949293333387201,1.8105796585936969,0.0361265397162967,1
142,8.791172574558693,4.687514085078381e-05,3.900953723019537,0.04580967057531744,2.2814812220524394,-0.08745182500461295,1
143,1.0,1.4423120261779633e-05,0.1344717815365359,0.014320096497260232,0.6931471805599453,0.251730828374035,7
144,14.37832622772992,0.0002560103846465885,5.308138383210606,0.22794033604255026,2.732959130309409,-0.010683329918021456,1
145,89.31456722144829,3.2452020589004175e-05,44.20679223942524,0.031936575610133675,4.503298767694042,-0.6198342745080211,2
146,88.34213863271586,0.0006526461918455284,43.564157680881614,0.5023777559081988,4.492473253769494,-0.14686672554004732,3
147,1017.7417470588142,0.002031857066878206,515.5613129805458,1.1091753251379934,6.926323563475696,-0.10806095905929225,6
148,561.9254233209554,0.00033173176602093157,269.1579659978338,0.2864801749779923,6.333147156347849,-0.7923255181968675,6
149,310.4966616692774,0.0007337762433180388,135.71656526878883,0.5503018292694979,5.741388621217521,-0.3904041640921143,2
150,751.2937262982465,0.002103972668187104,345.0472204003575,1.1326827969301123,6.623126841169774,-0.013795950452623273,6
151,1621.2365649123567,0.0021544535891033327,735.3456659011808,1.1488152921205061,7.391561071705453,-0.1769942637985682,6
152,640.1768318050956,0.000686901102467255,343.62377094659905,0.522893178530216,6.463305287526606,-0.5862877399721178,6
153,17.52524583607945,0.0004543282882460584,10.761133445943129,0.374544136463948,2.9191344415977123,0.09247242020040924,1
154,17.5691504677786,0.00012079363219240443,10.789951769810784,0.11403703454022752,2.9215016267564287,-0.16858711576593832,1
155,38.232696793723306,0.00018930345343585767,4.151203625830881,0.1733678025018771,3.6695105010074545,-0.2838204560667259,3
156,4.699892274278773,1.4423120261779633e-05,2.174770291236307,0.014320096497260232,1.7404472754125733,0.007320616898707439,1
157,4.699892274248721,3.2452020589004175e-05,2.1755478718875403,0.031936575610133675,1.7404472754073008,0.02493709601281134,1
158,4.297955623456168,2.7043350490836812e-05,1.967449274442276,0.026684140854827336,1.6673210147212099,0.03675026158212102,1
159,8.193276063190533,0.00014783698268324124,3.6164294278603655,0.13787928666725485,2.2184723541479685,0.019322278182324515,1
160,9.151705731191925,0.00015144276274868616,4.449372463989983,0.1410157323551134,2.3176417437027643,-0.000684605909021696,1
161,4.812384107139424,0.0004633427384096707,2.423572854682022,0.3807233655575445,1.7599908321580409,0.3691629727492856,7
162,5.015111225585666,0.0002794479550719804,2.646198605997218,0.2464286998013424,1.794274840624867,0.2268673893947919,1
163,3.73534521283987,0.00030649130556281717,1.9207985221544537,0.2673451512015591,1.5550546305992519,0.30361106969424806,7
164,12.227315219746718,9.194739166884516e-05,5.419903907112159,0.08796270003477523,2.5822840262974593,-0.11549765961404669,1
165,11.386762182951106,7.211560130889816e-05,5.048331763644597,0.06963389387649703,2.5166283364655935,-0.1185042853244916,1
166,11.953717394585482,0.00018569767337041278,5.302281582461352,0.170331355238597,2.5613828044493747,-0.028251250577211118,1
167,8.571504631484364,0.00019290923350130258,3.80352518847479,0.17639505765748356,2.2587904168770723,0.04842895402749606,1
168,1.0,7.211560130889816e-06,0.0132569664047705,0.007185681175075084,0.6931471805599453,0.24459641305184984,7
169,37.28204601354073,0.00026863061487564563,13.288859834859563,0.23793806273085552,3.6449810137860172,-0.21352570751903263,3
170,131.81469951775316,0.0001262023022905718,47.32664318616412,0.11885117813621317,4.888954920056451,-0.6229209067941288,2
171,122.68107389596418,0.00012439941225784933,37.06162162964819,0.11724903733385388,4.8177062676601174,-0.6078956279246029,2
172,888.9917038179539,0.0006724779822054754,370.8714834131563,0.5143063483329797,6.791212141129879,-0.6713987525190774,6
173,807.9597860816572,0.0016965195207918292,363.4002142677945,0.9919618750761278,6.6957492076421055,-0.1714648779781237,6
174,391.93337833960146,0.0005967566008311323,172.64168577066164,0.4679744473674924,5.973640076734619,-0.5269324647540617,2
175,601.0420872694298,0.0005426698998494587,340.99156764639383,0.4335146165013091,6.400327355272753,-0.6609690344116343,6
176,1936.5439019327343,0.004130421064967142,1013.1482516841152,1.6351877347553496,7.5691764200328455,0.2679277817062429,0
177,1623.4078801202577,0.0018281304931805685,765.540951232161,1.039615890244358,7.392898646896324,-0.2865058178810149,6
178,14.960762177658166,0.000432693607853389,8.757119559258241,0.35955631429865764,2.770133346373772,0.11225723805752164,1
179,37.86276166098575,0.0009663490575392354,11.06692515649293,0.6761785530351636,3.660036508356371,0.22120125630906173,3
180,54.809740770857765,0.0005048092091622872,15.228786071763212,0.40866611884393655,4.021948419938413,-0.13077117867845467,3
181,8.868837071552845,0.0007121415629253694,3.6781415719285313,0.5377449629256662,2.289382021939483,0.4026396441849175,1
182,16.376781836069792,0.0001370196424869065,7.126498327453538,0.1284104903332534,2.855134937909035,-0.13872555247074386,1
183,44.63726712211252,1.2620230229057179e-05,19.354252759126393,0.012541258854061885,3.8207246441938802,-0.4799361025188863,3
184,49.4357683130328,5.2283810948951167e-05,21.441482886064545,0.050962860201691225,3.920700612117996,-0.46484606352179986,3
185,17.83324873267486,0.00045793406831150333,7.714183463345537,0.37702041192715363,2.9356238574038347,0.0911005325400871,1
186,10.384229486371458,7.572138137434308e-05,5.050377418398832,0.07299148896586288,2.432229019260708,-0.09545027746117113,1
187,10.384229486404198,0.0001766832232068005,5.052181593192701,0.1626996528920989,2.432229019263584,-0.005742113535606247,1
188,5.56604473482179,0.0018281304931805685,2.664694539714598,1.039615890244358,1.8819116321572869,0.9996026321518179,7
189,7.252482347492591,0.00016766877304318824,3.0937655320544617,0.15500925946498634,2.1105140456932525,0.061646665770640596,1
190,12.630809467328325,0.00010276473186517989,5.2489270423477965,0.09782041912037091,2.61233263259712,-0.11265243509074004,1
191,6.538800587303124,5.588959101439608e-05,2.8305126868584445,0.05438362585428299,2.020063096064392,-0.017870275273731175,1
192,1.0,1.802890032722454e-06,0.0251623923119755,0.0018012667772286657,0.6931471805599453,0.23921199865400342,7
193,97.3294479500587,0.00030829419559553963,33.41772645089226,0.2687241479243316,4.588323554518792,-0.40288908188099964,2
194,94.50848148993876,0.00035877511651176837,36.901119844338105,0.3065836442956974,4.559215054956156,-0.35823648526186347,2
195,307.6077435305362,0.0002632219447774783,114.88581177407625,0.2336655561781554,5.732071032065761,-0.704865975492663,2
196,302.63744254803026,0.0005895450407002425,94.75663080818966,0.4634478373624976,5.715834366467958,-0.4712945159324976,2
197,551.0463268055738,0.0006580548619436957,223.28658652618563,0.5056451453958812,6.313631968127974,-0.5686062549805313,6
198,888.4558410513256,0.0026935177088873463,541.6518730525572,1.3065793125838918,6.790609861187015,0.1210147668305368,0
199,1092.5374027447874,0.005001216950772088,679.0002196002918,1.7919622737905008,6.997173044145289,0.5581917253088133,0
200,2202.6602857050534,0.005134630813193549,1085.1764909394242,1.8139498992035918,7.697875023050198,0.4166553334062866,0
201,2040.332443685167,0.0026502483481020073,1018.3877162337365,1.2947952058556376,7.621358032292175,-0.08464245915025148,0
202,151.72897141571647,0.0019182749948166912,55.15406499038715,1.0709926865158208,5.028664921901891,0.29661623989002095,5
203,460.976893041252,0.0007878629442997124,188.31014581699665,0.5810210207371017,6.1355148747687185,-0.4516628894144271,6
204,258.0144942106309,0.0021977229498886717,101.86035632514304,1.1624389783539868,5.55688402233692,0.2647911382878956,5
205,114.52195220915026,0.0016262068095156536,43.68768534904113,0.9655405273552744,4.74946057431916,0.2563224760861831,5
206,51.67493525448491,0.00013341386242146162,22.39691118883765,0.1252341955074738,3.96413973053876,-0.4007121894572623,3
207,41.10232916133688,7.031271127617571e-05,17.81515665394844,0.06795085930520718,3.7401030636553054,-0.4057117061503578,3
208,41.93724682487953,0.0001262023022905718,17.976182397863937,0.11885117813621317,3.759739673601389,-0.35939401651338065,3
209,23.201130377228083,0.0001099762919960697,10.06366312841844,0.10433865653404606,3.1863993418745853,-0.240105125880976,3
210,10.38422948635429,8.653872157067779e-05,5.050393286269224,0.08299715889262503,2.4322290192592,-0.08544460753405693,1
211,10.384229486422512,8.653872157067779e-05,5.052197466903398,0.08299715889262503,2.432229019265193,-0.08544460753545559,1
212,7.4272158852972066,0.0003028855254973723,3.210269119326212,0.26458143971486753,2.1314664547482023,0.1663291465416361,1
213,16.526290128553505,8.653872157067779e-05,6.8571625643565275,0.08299715889262503,2.8637020466763445,-0.1861382047133483,1
214,16.526290128530185,3.966358071989399e-05,6.859610910183816,0.03889718074529051,2.863702046675014,-0.2302381828603723,1
215,9.00615691440993,3.786069068717154e-05,3.739890077137801,0.037161566379562375,2.3032005949748253,-0.10116861634664275,1
216,1.121181488593596,1.4423120261779633e-05,0.4656727254361154,0.014320096497260232,0.7519732393870148,0.23800249057587286,7
217,153.86864424639575,0.0002776450650392579,52.828934684981846,0.24501859049574964,5.0425773011501365,-0.5326046118315928,2
218,115.86062601803891,0.00035156355638087854,42.84416209379695,0.3012621121775815,4.760981994103547,-0.4106447125002378,2
219,158.2243976328003,0.0003209144258245968,62.35201460759011,0.2783242435967638,5.07031451313079,-0.5057720392537705,2
220,514.5638956908922,0.0014747640467669674,330.546859285067,0.9061450568364089,6.24526124473988,-0.15215055107504005,6
221,1548.2884434276314,0.0020354628469436507,853.9572405969162,1.110363915995626,7.345551035752604,-0.20470819926771555,6
222,1331.24597142017,0.0011448351707787584,696.752706312613,0.7630627059675841,7.194621497280535,-0.5167867251795846,6
223,2143.2917026339837,0.0033930390415836584,1106.8408393241614,1.480021252180115,7.67056456826902,0.08910017384964175,0
224,3559.49035141261,0.003347966790765597,2012.702770718285,1.4697083314113948,8.177653553521754,-0.039552969298099816,0
225,2530.3752623165315,0.005918887977427817,1130.4867027693597,1.9342550598129526,7.836518015977712,0.5046051420133597,0
226,1254.3607151416763,0.0013034894936583344,403.9664782086461,0.8344251443494997,7.135178232691619,-0.4315519106369421,6
227,261.70338556633226,0.005801700125300857,143.94059678514574,1.9171725993592594,5.571025584184896,1.0162245188569812,5
228,761.181465903234,0.00344532285253261,380.8757154458041,1.4918524990689828,6.636184671564776,0.34232642350978915,5
229,1238.4102900417008,0.0023167136920483537,550.5916312671433,1.198974440908919,7.122390972931577,-0.0640184294321644,6
230,81.21637080085651,0.0009284883668520639,36.51775109366427,0.6567364664219022,4.4093544403940514,0.026889564382382103,3
231,21.961185955625098,0.0003479577763154336,9.549368707280491,0.29859068879139805,3.133805223236949,-0.03357911434895211,3
232,19.77667245517571,0.0001694716630759107,8.60759393717676,0.1565520768006294,3.0338308407588537,-0.15228653398742278,3
233,10.384229486426635,8.293294150523289e-05,5.0486049685614365,0.07967304690070304,2.432229019265555,-0.08876871952746207,1
234,10.384229486365966,6.31011511452859e-05,5.050408823924202,0.061190251131219044,2.432229019260226,-0.1072515152957024,1
235,8.819342925405653,6.850982124345325e-05,4.2823407228356505,0.0662649873524672,2.284354208254524,-0.06766698192327238,1
236,12.826048776009229,0.00015865432287957596,5.331539311580965,0.14725926523718516,2.626554405363605,-0.06653254836913122,1
237,16.526290128513416,0.00019110634346858013,6.857183661173891,0.17488257561346507,2.8637020466740575,-0.09425278799197448,1
238,11.856339801822498,8.293294150523289e-05,4.921317824750827,0.07967304690070304,2.5538370594660034,-0.11714859552343831,1
239,1.0,1.802890032722454e-06,0.0462978943495119,0.0018012667772286657,0.6931471805599453,0.23921199865400342,7
240,1.0,1.802890032722454e-06,0.030776969106428,0.0018012667772286657,0.6931471805599453,0.23921199865400342,7
241,69.39163544623224,0.0003623808965772133,26.455496307227794,0.30923382837814345,4.254074441420772,-0.28437511514931496,3
242,76.49036802337501,0.0004200733776243318,31.30210613556408,0.35070854466142665,4.350153645066104,-0.2653225666828323,3
243,375.46466855119985,0.000353366446413601,176.77040832872638,0.30259515243950125,5.930824201007046,-0.6823197456523491,2
244,938.059492863346,0.002886426942388649,399.2437301563537,1.357490211721324,6.844878834883194,0.1592608229083503,0
245,2416.9566849219723,0.007925504583847907,1333.9757260201511,2.188912862072971,7.790678117417088,0.7699606796753653,4
246,1755.7152684433854,0.0018966403144240218,981.1208577281684,1.0635515531307624,7.4712010195301435,-0.2808437134030479,6
247,4385.873027228926,0.004745206566125499,2635.4516448258705,1.7483658664638106,8.386371957786093,0.1903955953495935,0
248,3436.6428031529085,0.012340782273985199,2454.1162775747266,2.5908256799964238,8.142541283847343,1.08975858961755,4
249,2284.0352709812023,0.013988623763893522,1111.6459343653696,2.7072914976190656,7.734136739087161,1.3015344732307492,4
250,3014.811902644204,0.009732000396635807,1282.5049466931273,2.373229969521615,8.011624360685696,0.9027151850509536,4
251,1581.0750102875804,0.007999423075189529,642.1204271641172,2.1971604725248306,7.366492562050315,0.8772011975102432,4
252,710.7925300741068,0.001433297576014351,334.91129939126887,0.8892473645896435,6.567786478604204,-0.2443165078835512,6
253,1267.9508732761997,0.003910468480975003,719.1271260979435,1.5913693508953675,7.145945754022705,0.32287946106958,0
254,78.40374209252559,0.0011682727412041503,34.315025312272894,0.7739308788032943,4.37454549677131,0.15220739937576588,3
255,24.072814291913797,0.0001099762919960697,12.0823659394136,0.10433865653404606,3.2217841632257715,-0.2483629420618073,3
256,23.418961182892836,5.769248104711853e-05,11.7583552864915,0.05608963055012401,3.195359928174646,-0.2904452991905831,3
257,13.591722028206108,0.00033173176602093157,5.5114454434647895,0.2864801749779923,2.6804543835484265,0.060109631424628995,1
258,8.75512621422725,0.00022536125409030675,3.9392275393825553,0.20323570182005904,2.2777929124052387,0.0708349533605476,1
259,6.405151586433053,0.0002650248348102008,2.7191271934772314,0.23509175424780154,2.0021759183317167,0.16701221433089292,1
260,10.757854978197033,9.555317173429006e-05,4.223607508020673,0.09125941537419376,2.4645215260204343,-0.08471850849711475,1
261,4.485909284932159,8.293294150523289e-05,2.2317195504627945,0.07967304690070304,1.7021828566390227,0.0816034000505565,1
262,2.4766640211440727,2.7043350490836812e-05,1.4198641227113151,0.026684140854827336,1.2460732194077735,0.1350575788850572,7
263,2.4975423672363677,0.0002794479550719804,1.0007856471733665,0.2464286998013424,1.252060541061362,0.3534048663534958,7
264,110.17290883815852,8.834161160340025e-05,44.16517317542098,0.0846550804050779,4.711086726578827,-0.6156076004907713,2
265,116.07291882701212,3.786069068717154e-05,47.804679363965214,0.037161566379562375,4.762796978503421,-0.6751688243068708,2
266,105.48837754660106,0.00026682772484292323,42.913457551494986,0.23651592117298426,4.668035848176427,-0.4536999027176528,2
267,1020.4302288104049,0.0007770456041033778,250.24254986022152,0.5749522123791584,6.928959109243009,-0.6428991336342276,6
268,1856.072322379123,0.001608177909188429,581.3568098908661,0.9586518584511071,7.526756506409697,-0.398708486920739,6
269,3528.8641062726592,0.002251809650870345,1900.099588753487,1.1792116570297462,8.16901465237971,-0.3280335685686899,0
270,6379.578335090927,0.01406795092533331,2523.368896076763,2.712570032944567,8.761014020363916,1.0671689039585344,4
271,5332.031141779825,0.017598009609403876,3323.906509052046,2.923054564746047,8.581675050032235,1.319506077500395,4
272,2167.7255511914627,0.014841390749371242,1488.5304330820725,2.762626182366143,7.6818949704057875,1.369060908741543,4
273,2613.9321376261764,0.016990435668376408,1533.096251195043,2.8898402649219275,7.868993424967706,1.4526115054722637,4
274,1436.073810827012,0.008379832872093967,963.2279490211176,2.2385619453854093,7.270364249288105,0.9410362988660854,4
275,464.94763219353104,0.0021959200598559493,209.08014871618693,1.1618750150304922,6.144073250543747,0.12719382211030816,5
276,707.2928125807105,0.003391236151550936,233.7532088181027,1.4796107709466841,6.562857585285687,0.34719716272366874,5
277,550.6488766308644,0.0037986892989462107,220.62039147293171,1.5683428179058931,6.312911750824044,0.4942594958715212,5
278,36.94544722113031,0.00011177918202879216,17.136148481816623,0.10596159879706835,3.636149528822271,-0.34344115272644027,3
279,24.072814292063477,8.473583153795535e-05,12.08672004657576,0.08133648411109497,3.2217841632317414,-0.2713651144861515,3
280,33.39949333132578,0.0010096184183245743,13.14006758529688,0.6979448624192162,3.538041835530354,0.27143767080512227,3
281,64.54085659360341,8.473583153795535e-05,24.89487959482738,0.08133648411109497,4.18267371296865,-0.49560954949565794,3
282,19.94058549878453,7.211560130889816e-05,7.665301763114982,0.06963389387649703,3.0416891658339464,-0.24103862765297973,3
283,24.650360413250215,6.490404117800835e-05,9.425091876747718,0.0628846929216693,3.2445576227169,-0.29513158680293416,3
284,6.248430588613889,5.2283810948951167e-05,3.1238005292043103,0.050962860201691225,1.9807849748974398,-0.012124638719399443,1
285,6.969513654989041,4.507225081806135e-05,4.061989764000529,0.044086022565561274,2.075623468981493,-0.041134097663414186,1
286,1.0,1.802890032722454e-06,0.0216476750331956,0.0018012667772286657,0.6931471805599453,0.23921199865400342,7
287,1.0,1.0817340196334724e-05,0.0018992502599005,0.010759251307922643,0.6931471805599453,0.2481699831846974,7
288,780.3762265351145,0.0011376236106478686,575.4417301646753,0.7596947496995772,6.661056757964537,-0.39563576713358906,6
289,494.0132078748971,0.001687505070628217,253.33286993450923,0.9886132801973844,6.204584444788266,-0.0601895134508208,6
290,159.1148748165403,0.0005769248104711853,62.74075916577227,0.45547662800541217,5.075891525221763,-0.3299211716799381,2
291,134.0089497895955,0.0005390641197840138,51.937544088215134,0.4311745172663138,4.905341070978775,-0.31442163168529186,2
292,312.37367907728117,0.0006526461918455284,129.97236152851693,0.5023777559081988,5.747396341319294,-0.4397302693521745,2
293,1083.8875243594043,0.0010817340196334724,514.7851502123382,0.733201209694323,6.989231596416176,-0.4987160295702333,6
294,2362.6341548425967,0.00372477080760459,1358.3680445119217,1.5528190534421653,7.767955609715141,0.13916966146726484,0
295,3416.108821980709,0.009971784770987894,1906.0968533837863,2.395326956676968,8.13655009883695,0.8956580393743452,4
296,2915.014128110538,0.035118494947400686,2766.231205233674,3.5868050595577396,7.97797293814786,2.124143565026936,4
297,2310.4508397110585,0.06601101565809993,2244.4814382036134,4.204857018684123,7.74563067550195,2.796417634727972,4
298,903.5597668903848,0.006609394859960517,708.1912767552451,2.0293836496527216,6.807448379921978,0.839889470029217,4
299,968.859600595638,0.003838352879666105,514.4970610824129,1.5765743486899764,6.877151319367363,0.37081347506536444,0
300,859.0171319506871,0.007352185553442168,394.1010159878867,2.122523247541266,6.756952309922028,0.944813421999289,4
301,509.4992466886811,0.0010817340196334724,214.54138290767364,0.733201209694323,6.235389161969314,-0.3227905334036738,6
302,1391.5417220895904,0.005396049867938305,654.0883420170936,1.855680591679635,7.238885933355884,0.565501093500882,0
303,703.3960333380102,0.003200129808082356,273.65089768593697,1.4351154314979961,6.5573407453427235,0.30398929763286753,5
304,66.081507953173,0.0005588959101439607,30.61021705081467,0.44397782078052656,4.205908416624417,-0.13839053529328554,3
305,123.5583385038241,0.0006634635320418631,59.775895164571565,0.5089018938086001,4.824774188514365,-0.217892224208591,2
306,58.530328055494685,0.0003443519962499887,22.827046839702092,0.29591210978234117,4.086485897909307,-0.2585864091764618,3
307,28.524809266197447,0.0001802890032722454,10.993698411947207,0.16575932651737618,3.385230901984573,-0.2250861165995766,3
308,24.65036041328229,7.211560130889816e-05,9.425119024792233,0.06963389387649703,3.2445576227181507,-0.2883823858483983,3
309,6.618135356342142,0.0002001207936321924,3.0337285560193905,0.18242221308810022,2.030531635861565,0.1077252509518418,1
310,8.015274776122572,7.752427140706552e-05,4.671409783928228,0.07466606840987698,2.1989203360712635,-0.039328052230028124,1
311,6.946569645254497,3.064913055628172e-05,4.050012003392415,0.030188827574948156,2.0727403443841848,-0.0543584529436127,1
312,4.3965300014664805,4.687514085078381e-05,2.5642153000968233,0.04580967057531744,1.685756154698271,0.051573551206848714,1
313,1.0,1.802890032722454e-06,0.0908886185427864,0.0018012667772286657,0.6931471805599453,0.23921199865400342,7
314,29.97530378670945,8.293294150523289e-05,10.207025093980702,0.07967304690070304,3.433190234947644,-0.32236474764382145,3
315,2056.7134607288535,0.0008527669854777208,964.1122494823362,0.6166801895189371,7.629350674790155,-0.7646227321147123,6
316,1233.7088605759366,0.0014783698268324124,600.7569525774845,0.9076010161520375,7.118590480846593,-0.35450492686156176,6
317,941.0513493696062,0.001040267548880856,405.3301011516632,0.7130809506687147,6.8480597840987665,-0.4858907816943946,6
318,771.3632685023556,0.0021256073485797734,477.5829415546199,1.1396286158500775,6.649454994403329,-0.012994377609971464,6
319,86.12863537512496,0.0010691137894044153,38.54446356107891,0.7271203945466227,4.467385594180055,0.08373066305573107,3
320,13.18265933351152,0.0043503736489592815,5.65052153454898,1.6771663993961197,2.652020044670657,1.457431626060322,7
321,606.503682472144,0.002661065688298342,339.2049404409733,1.2977542766972459,6.409358236878873,0.20116307352300833,5
322,811.3667726269701,0.002989191674253829,491.84420222428525,1.3835886224717617,6.699951928607568,0.21918107324935465,5
323,3667.902170014485,0.023637691219024096,1721.998949878223,3.204277433748531,8.207647760062612,1.6880163338413507,4
324,3158.970035237257,0.013903887932355566,1148.6516278733188,2.7016221139712027,8.058317824016143,1.2202103962306976,4
325,3600.0724880193407,0.009402071520647598,1801.1853025493494,2.3420049709903465,8.18898699341554,0.8300987660601826,4
326,2140.995761866446,0.004766841246518169,1008.1648809628032,1.7521244863400647,7.669493272418643,0.3614534181515079,0
327,2445.3922616835134,0.007518051436452634,1092.7804385641566,2.14218761004262,7.802369672025384,0.7205069495819132,4
328,1126.2572444855932,0.003959146511858509,471.7709028455381,1.601233651708294,7.027542743969914,0.3603756745201063,0
329,1455.6285178198218,0.0066887220214003045,668.6257792392923,2.039754582632868,7.283879809938874,0.7390747866456908,4
330,1125.0372585587572,0.0033677985811255444,470.9953349921583,1.4742591249997123,7.026459897458375,0.23365385355096024,0
331,467.87284276772294,0.002962148323762992,211.62016485982383,1.3767863841639647,6.150331607522841,0.34064466778897873,5
332,312.0248474682658,0.0008094976246923819,153.43260566365737,0.5930492513335268,5.746282572271978,-0.3487988517424345,2
333,41.17920796125692,0.00021814969395941695,15.99254284057048,0.19733306318045457,3.7419273972844014,-0.2767552501293123,3
334,18.17503495987772,3.4254910621726625e-05,6.954301780407562,0.033681274350748434,2.953609170452582,-0.25643586825370834,3
335,12.98467844914286,0.00013161097238873916,5.0814766659148045,0.12364225674745201,2.6379623338363447,-0.09281184460639878,1
336,12.751143277574243,9.735606176701252e-05,5.2277787658871,0.09290370635658789,2.621121968115967,-0.11962033009297342,1
337,6.2080639414076675,7.572138137434308e-05,3.43259360339874,0.07299148896586288,1.9752003911612062,0.011207273887371916,1
338,6.282503879212762,5.949537107984099e-05,3.5171493847231554,0.05779272975002903,1.9854747425272823,-0.0063892282509505,1
339,7.921910196087124,9.01445016361227e-05,4.620134848517137,0.08631025776275503,2.1885100712090053,-0.025254401589975495,1
340,3.639102791678639,6.850982124345325e-05,2.1231978253508537,0.0662649873524672,1.5345209836785996,0.10732287808969464,7
341,1.0,9.01445016361227e-06,0.0003486306753918,0.00897406254108627,0.6931471805599453,0.246384794417861,7
342,1.0,1.802890032722454e-06,3.932632483586418e-05,0.0018012667772286657,0.6931471805599453,0.23921199865400342,7
343,567.9242560814054,0.0006778866523036428,227.18140286281837,0.5175350564807668,6.343747307658024,-0.5637444121058626,6
344,952.8175426885756,0.0022049345100195613,456.16139663218,1.1646916564726182,6.860472398113287,-0.037176828818483054,6
345,3299.026717497287,0.003009023464613776,1679.6661405282553,1.3885476866274706,8.101685843633096,-0.10298489990502757,0
346,3099.798003399738,0.0018840200841949645,1562.6975059072984,1.0591851834050299,8.039414777797806,-0.41781509816120277,6
347,1566.0308718452422,0.002053491747270875,879.299459031273,1.1162857709660443,7.3569379434033335,-0.20144372637970465,6
348,1154.7979859543875,0.0020426744070745403,582.5912001066091,1.1127368678436897,7.0525462813266895,-0.13395622755277103,6
349,2041.734909549862,0.005680906493108453,1083.0533133668253,1.8992536809029403,7.622044830916449,0.5196557365293468,0
350,2462.858401709667,0.0049399186896595245,960.4951503578586,1.781695444671356,7.809483856163519,0.3583545349103563,0
351,542.6497354102573,0.002242795200706733,259.1414171035517,1.1764356741459647,6.298305170752308,0.10576111464471039,5
352,106.88734483214978,0.007909278573553407,60.71009496238764,2.187093270028794,4.681087579307224,1.4938315413574013,5
353,749.2453111515001,0.0012800519232329425,354.81730937930786,0.8241982160548225,6.620400234586185,-0.3216442184936259,6
354,3335.9893605508437,0.0051039816826372675,1557.7822136122295,1.808941293099093,8.112824290418704,0.3148093082205454,0
355,3423.757646239237,0.0064795867776045,1587.5049421047513,2.012177546824638,8.138785987970582,0.5119868362569593,0
356,1598.5718092893164,0.004269243597486772,785.0350246711788,1.6618868223632126,7.377491253217289,0.3393607640099392,0
357,1140.143575638382,0.0020390686270090955,529.2279701640001,1.111551095782052,7.039786175108221,-0.1321641518374137,6
358,609.4840550558597,0.00176322645200256,294.73761799383243,1.0163990013242714,6.414252175365063,-0.08133430863123725,6
359,703.7317976573105,0.0029747685539920493,281.3871391375269,1.379966521000325,6.557817301575975,0.24872917239328873,5
360,839.0798819220511,0.0015613027683376453,338.18014168735203,0.9405160229307854,6.7334969848421276,-0.23171999334565552,6
361,257.5575888421359,0.0007391849134162062,122.87220213988556,0.5534165629084808,5.555118449957163,-0.34381924251650586,2
362,23.428919609952185,0.0009519259372774558,9.9002720488902,0.6688165453025695,3.1957676603847514,0.32218646239975823,1
363,12.619540395429365,0.00010276473186517989,4.983678613835615,0.09782041912037091,2.611505555323022,-0.1124594186549905,1
364,26.645802844048763,2.5240460458114358e-05,11.007000636436018,0.02492718064602599,3.319473920570913,-0.3505724434336876,3
365,26.60214519061916,7.031271127617571e-05,10.572806008370447,0.06795085930520718,3.3178934940005234,-0.30717993792708354,3
366,26.602145190577513,0.00011538496209423706,10.576581024182117,0.10919960280805276,3.3178934939990143,-0.2659311944238858,3
367,26.256975146467955,0.00021454391389397204,10.4431404627989,0.19436862680885245,3.3053094570325836,-0.17782541222808992,3
368,14.105739630254176,0.00017307744314135558,5.736641107465046,0.15963058892540022,2.7150747795620003,-0.07481937556244495,1
369,3.391100692197568,9.915895179973498e-05,1.967180263200086,0.09454529808390087,1.479579922812346,0.14842487801126386,7
370,1.0,1.802890032722454e-06,0.0231947339090462,0.0018012667772286657,0.6931471805599453,0.23921199865400342,7
371,18.47941452980944,9.555317173429006e-05,8.069469564143226,0.09125941537419376,2.9693582428248164,-0.20253311514243516,3
372,681.2980996082089,0.0008004831745287696,302.65499725723197,0.5880550591749145,6.525466658544465,-0.5356325646268292,6
373,2094.6703347146317,0.001096157139895252,784.07686609537,0.7401057349726571,7.647628750014659,-0.6454627722872514,6
374,4075.663582048522,0.005695329613370232,1983.5487407316664,1.901410210697521,8.313034183360783,0.36055490123041634,0
375,1873.0301026125687,0.003073927505791784,857.9577237537867,1.4046075232898332,7.535846525963147,0.04512582453294223,0
376,2645.1880707978694,0.008736805098573013,1155.970673165791,2.2759130452175658,7.880875419548066,0.8359113644033307,4
377,2791.166472168472,0.005614199561897722,1108.971326406656,1.889218786752998,7.934573086806956,0.4366855896379611,0
378,2492.7869026964436,0.004125012394868975,1386.63273286625,1.6341329435325667,7.821557678602445,0.20797434521208236,0
379,1218.9939931245417,0.003090153516086286,637.4935569106848,1.4085825038457334,7.106601214046773,0.14927451649773582,0
380,928.2401333999222,0.008478991823893701,594.102405756663,2.249077962921076,6.834367191310847,1.0533016943179618,4
381,96.59703549553754,0.002401449523586309,61.577573614414874,1.2242016712356651,4.580847118936616,0.5543332299686932,5
382,121.88944213175378,0.0005841363706020751,70.37049946149973,0.46003938223829816,4.811285106712224,-0.2636067657251587,2
383,1772.681894688766,0.001254811462774828,844.7363989238842,0.8130663609336789,7.480812831508073,-0.5335720305742752,6
384,2862.168563229254,0.0038455644397969945,1638.7365271353692,1.5780637379993006,7.959684179798516,0.119670322233842,0
385,2955.8728551909335,0.0026304165577420604,1571.7927969456532,1.2893473958919146,7.991887521021694,-0.17656136860429794,0
386,1356.7244622084309,0.0031189997566098454,591.253303821649,1.4156103563643196,7.213565387832472,0.13133995713100166,0
387,584.3238077509313,0.0020949582180234917,337.5885904576762,1.129774406214577,6.372165211620498,0.041863002854628295,5
388,1025.6913610242011,0.008981998143023267,585.2466691967055,2.300783285014868,6.934096639955894,1.0817329846863164,4
389,1465.2532330399008,0.002926090523108543,701.1074356671604,1.3676441529263397,7.2904656049370535,0.06542741871472302,0
390,813.9731098074262,0.0015757258885994248,392.4225284282523,0.9461313928750006,6.703155118595228,-0.21902369026450175,6
391,183.91497728568905,0.002053491747270875,84.92016142837116,1.1162857709660443,5.21989613719852,0.2972813690855378,5
392,323.3271766867424,0.0022536125409030675,151.4931953367458,1.1797659300732881,5.781752810871361,0.22964007684742782,5
393,322.71213866720336,0.00040384736732982973,147.5394317959639,0.33921658696592094,5.779854659973319,-0.6104662915436352,2
394,1099.257283812006,0.0007554109237107083,352.1136306293881,0.5627029740747749,7.003299325811988,-0.6724972752205329,6
395,12.34460865472674,0.00010817340196334725,4.908037638022025,0.10271307604716967,2.5911124571905813,-0.10280758959435515,1
396,7.746750097958724,0.00023257281422119658,3.0810979559169827,0.2091037036652596,2.1686822140008597,0.10216630520667364,1
397,2.13445420574423,3.064913055628172e-05,0.8492068046302288,0.030188827574948156,1.142455061876951,0.16274381196353663,7
398,1.0,1.802890032722454e-06,7.975918238866995e-06,0.0018012667772286657,0.6931471805599453,0.23921199865400342,7
399,136.3559568428166,0.00019110634346858013,65.05545356760295,0.17488257561346507,4.922575781406567,-0.5747356671401711,2
400,1658.3938203628409,0.0017181542011844987,1141.6108690435774,0.9999530474473077,7.414207646204233,-0.331141578233187,6
401,1323.6941682475133,0.0015270478577159186,559.9120967871634,0.9270517667767523,7.1889368953611426,-0.351471039113625,6
402,1718.1618097603794,0.005336554496858464,586.2130792195462,1.8463351659698906,7.449592131121807,0.506982802622651,0
403,1906.311349863763,0.00176322645200256,675.5512511785705,1.0163990013242714,7.553449859113778,-0.34719081734892865,6
404,4086.209748950904,0.004802899047172618,1590.1230066923144,1.7583576283955273,8.315617803253248,0.21689937514240265,0
405,2821.6274012201216,0.006308312224495867,1068.7316470800768,1.989012361261569,7.945423432727061,0.533947000391418,0
406,509.0976199473597,0.0013828166550981223,196.4605429186451,0.8682832564651581,6.234602119062986,-0.1875248130858571,6
407,2209.826572301892,0.004628018713998539,1006.2299085764904,1.7277574644062694,7.701121739202008,0.3297052069166171,0
408,3010.5571471053713,0.008226587219312558,1438.317100661756,2.2220892314206484,8.010212548596396,0.7519039239480367,4
409,792.8050233593386,0.0019236836649148584,412.6053476838465,1.072844350301401,6.676837868571999,-0.08616903126160014,6
410,427.3130083354009,0.0009501230472447333,228.55680109950043,0.6678924717360069,6.059854256178318,-0.3471343906591804,6
411,281.9931562495067,0.0003659866766426582,125.16095001765451,0.31187700754514497,5.645422714486894,-0.6064332582941141,2
412,933.4881658795116,0.0014387062461125183,440.7109508775492,0.8914676716819976,6.839998963230106,-0.305622893150566,6
413,1419.8470737706805,0.0014098600055889592,780.9227471319938,0.8795686568480974,7.259008503565943,-0.4153068799013002,6
414,516.563949222789,0.0012457970126112158,210.0240531961039,0.8090604749440066,6.249133090882333,-0.25013871231315987,6
415,220.86738649171377,0.0016496443799410454,110.82302009200536,0.9744254347443465,5.402079845237384,0.11290450982714184,5
416,1887.0886157645252,0.007534277446747136,973.3377617996896,2.144090694988123,7.543320281919928,0.7828648330416268,4
417,2782.979529151184,0.008340169291374072,1318.285025186955,2.2343243774912707,7.931636668392501,0.782476457355759,4
418,530.8915630066588,0.002837748911505143,217.2551394899597,1.3448859737427428,6.276439639630852,0.27931421057625583,5
419,1108.7810069194995,0.003494000883416116,546.47082057766,1.502743370339913,7.011917983778424,0.26553177011800533,0
420,546.5614084345024,0.0026502483481020073,248.01458607845632,1.2947952058556376,6.305474616925228,0.2224475004586688,5
421,308.66621116002864,0.0043413591987956695,152.39431568727846,1.675480152194105,5.73549497918672,0.7361495681370345,5
422,22.489780119548676,0.00026141905474475586,11.310743909437203,0.23223732116214071,3.1565654380288275,-0.1052440721688793,3
423,2.5674308326883577,0.0013215183939855588,1.3422668427094997,0.8422214517656655,1.27184568200665,0.9445803261908785,7
424,977.66094696148,0.0013792108750326775,401.27754416573424,0.8667688675911978,6.8861852566638095,-0.3411002714063778,6
425,2206.2794139631856,0.0008040889545942146,868.8850548355982,0.5900557300667773,7.699516001760716,-0.8076217937342898,6
426,762.4730517459944,0.00047776585867145035,300.38973137943594,0.3905313922982892,6.6378778283527335,-0.759389818151696,6
427,1955.2380443920315,0.0025835414168912767,861.5821783462079,1.2763515340496985,7.578778542776897,-0.0931492827804965,0
428,4940.346109396613,0.004362993879188339,1586.964317826241,1.6795223786964522,8.505393064843517,0.09377594859121907,0
429,1604.858237389922,0.004206142446341485,478.213210944135,1.6498391681537634,7.38141361999414,0.32639774036805536,0
430,831.3193464935545,0.0057115556236647345,142.9801944430182,1.90383076072537,6.724216197097486,0.7337606177325027,5
431,105.10469017391436,0.00041286181749344196,39.829344818154034,0.3456173052142883,4.664426249863597,-0.34375614055443743,2
432,25.604391948243055,0.001489187167028747,11.9370110916307,0.9119562182395476,3.2810763129945646,0.5454175094065786,1
433,333.90659339285827,0.00047416007860600544,145.27134501555656,0.3880883893670408,5.813851667252996,-0.5695284287836868,2
434,295.4397593219518,0.004382825669548286,161.0059639106734,1.683213453683473,5.6918440251881846,0.7540697672981567,5
435,715.5609861124158,0.003021643694842833,353.88637370213286,1.3916906983766992,6.574463360341632,0.2565686306111896,5
436,665.6425177998324,0.0012457970126112158,346.62820507080994,0.8090604749440066,6.502253946917642,-0.3092099587080256,6
437,133.33648755986673,0.0006003623808965772,69.22958404037504,0.4702300916615476,4.90034775359745,-0.27420075828633284,2
438,131.3155678010596,0.004478378841282576,64.12405181929822,1.700809225310299,4.885189734652251,0.9599158281270577,5
439,202.5539557180149,0.002140030468841553,95.710305353328,1.1442325033258076,5.31593110840307,0.3028162562287362,5
440,642.968845106251,0.0006346172915183038,305.45164177791673,0.49140870448411217,6.4676503477699345,-0.6187862281467071,6
441,896.8760173780076,0.0022932761216229616,356.0846666261878,1.1918828509639388,6.8000319934896964,0.004119446106144231,6
442,2399.1254972035613,0.008592573895955215,987.002508392758,2.2609892466230037,7.78327630547042,0.8437644377185136,4
443,849.1696615061844,0.0015540912082067555,296.6092847519711,0.9376964688782351,6.745435931338561,-0.23732575972868075,6
444,399.3182643006077,0.00424580602706138,210.9588873319453,1.6574289053629392,5.99225989148929,0.6581766552774266,5
445,803.6554600597369,0.004325133188501167,495.3726720261651,1.6724377232077976,6.69041418587466,0.5102560132933449,5
446,336.6767062481372,0.0016586588301046577,208.99722000412552,0.9778217964336698,5.82208894736406,0.018282630157680058,5
447,1.0,1.802890032722454e-06,0.0001672205703829,0.0018012667772286657,0.6931471805599453,0.23921199865400342,7
448,44.27432332258943,0.0008131034047578268,23.71314668958764,0.5950399653133015,3.8127400577182917,0.10442598052041208,3
449,378.2431428315701,0.00021093813382852712,156.28203308537323,0.1913953764191794,5.9381775371991825,-0.7952355822961756,2
450,516.2904206474675,0.0005102178792604545,166.9265090147307,0.4122539313188654,6.2486044588551515,-0.646821888179441,6
451,1675.793835111802,0.0015901490088612044,699.9707573745544,0.951715406435366,7.4246388175406475,-0.3818135595118767,6
452,3329.5124360274294,0.006315523784626757,1465.7099993498548,1.9899986360954733,8.110881455828377,0.496320053842799,0
453,988.8569469081272,0.0019236836649148584,321.46080363407657,1.072844350301401,6.897560434615184,-0.13767943339861421,6
454,3912.9499775072823,0.002430295764109868,1079.920208807459,1.2326464860638362,8.272302367472532,-0.29870316997694846,0
455,419.7324430967644,0.000373198236773548,130.27878637317954,0.3171424985731564,6.04199710456337,-0.6937170098572911,2
456,21.62804049316476,0.001317912613920114,10.096674651211892,0.8406670452941314,3.1191898669951628,0.5119080527966896,1
457,1.0,0.001040267548880856,0.0234371203959393,0.7130809506687147,0.6931471805599453,0.9504916825454894,7
458,1.0,0.0034363084023689974,0.0091069383058923,1.4898225896975488,0.6931471805599453,1.7272333215743236,7
459,494.8282940266775,0.005435713448658199,279.0099993439745,1.8618627049348164,6.206229685392487,0.8126759586774386,5
460,967.0723989399672,0.002882821162323204,436.0192468714272,1.3565619931149056,6.875306876773127,0.15123156020802764,0
461,306.92460504359644,0.0015144276274868613,133.24638438267527,0.922045194146417,5.729854964188409,-0.015969169979769937,5
462,148.87819952718854,0.000960940387441068,68.78768157538,0.6734241476909898,5.0098229610910465,-0.09655511836639208,2
463,45.76084667932711,0.0002469959344829762,20.274621036082628,0.22073740645439413,3.8450462433545485,-0.2774159280455435,3
464,45.57815775259655,0.00013341386242146162,20.091775376500884,0.1252341955074738,3.841131713493657,-0.3720055984744888,3
465,512.6759637887485,0.0009465172671792884,211.10299218486824,0.6660417589148677,6.241592646012057,-0.39139770184707534,6
466,1497.115055529649,0.003978978302218456,561.4546482919227,1.6052247097912322,7.311962967222287,0.29799109943483204,0
467,253.40363239568137,0.0023203194721137985,96.4037358051748,1.2000610048392213,5.5389221096489445,0.30660496700836926,5
468,52.28965442933069,0.0008221178549214391,24.429111415334564,0.5999994811154382,3.9757422115687815,0.07134540534066247,3
469,46.91847639952127,2.5240460458114358e-05,22.601484010902567,0.02492718064602599,3.8695011586339794,-0.4789332391911835,3
470,218.55339105569476,0.0006382230715837487,123.87053134928708,0.4936121614965603,5.391595442371,-0.3654620004208511,2
471,1.0,1.802890032722454e-06,0.0876243737289719,0.0018012667772286657,0.6931471805599453,0.23921199865400342,7
472,5.750630300358087,7.211560130889816e-06,3.0789801028081767,0.007185681175075084,1.9096358783558278,-0.039297631593945316,1
473,68.89415526856799,0.00019110634346858013,36.89974911908742,0.17488257561346507,4.246982030129592,-0.4170711997801728,3
474,277.50239060163835,0.0005372612297512913,79.6051495493791,0.43000241091585856,5.629426643178391,-0.48457482444770317,2
475,500.5042221211485,0.0007968773944633247,138.80208112726902,0.5860503775735841,6.217612026351891,-0.46579268502964855,6
476,258.3195075926562,0.0015522883181740329,105.58720253515108,0.9369903364420062,5.558060921464394,0.03906784141689723,5
477,1328.7106904721938,0.009034281953972217,590.4883819670082,2.306007425524973,7.19271667159284,1.0266025268011674,4
478,2133.0805680566855,0.0014080571155562366,806.2305116370964,0.8788202462500974,7.665791185627313,-0.5109868596223897,6
479,2689.0543126811976,0.0029585425436975473,1053.905707212777,1.3758759130005604,7.897316662979863,-0.06796268886794832,0
480,1751.078778431712,0.005147251043422606,811.9162564128253,1.8160049970816057,7.468558235343731,0.4722264816061208,0
481,71.51875381053854,0.000373198236773548,30.66347994401108,0.3171424985731564,4.28384520165928,-0.28341409810685786,3
482,128.18886836993264,0.0001262023022905718,49.82186251186344,0.11885117813621317,4.86127542950922,-0.6164612968204184,2
483,208.4034544895118,0.00014062542255235142,80.6432995072114,0.13157672824550667,5.344262795384945,-0.7164513330209004,2
484,778.0432328031873,0.0012457970126112158,375.9373256976903,0.8090604749440066,6.658066542152608,-0.3455722101191233,6
485,944.5470106425804,0.0037860690687171535,556.3465791349854,1.5657094207897293,6.851763607267126,0.3658733208892777,0
486,406.743046715658,0.0010763253495353052,187.9058243127184,0.7305996724537731,6.010637188543112,-0.2729413188257346,6
487,248.197509585566,9.735606176701252e-05,97.08446427611902,0.09290370635658789,5.518245793225986,-0.7957270642043541,2
488,33.47675741911398,1.0817340196334724e-05,15.08907728794376,0.010759251307922643,3.5402853990041474,-0.416271524545095,3
489,33.88343376869358,5.588959101439608e-05,15.279184217197209,0.05438362585428299,3.552012039398739,-0.37538381609169486,3
490,151.4512074202621,0.0008311323050850513,63.71723977456611,0.6049345214570958,5.026844593509572,-0.16901711202344805,2
491,649.8151041622568,0.0017488033317407804,285.7016502048804,1.0111656648780702,6.478225583683829,-0.1014972286159439,6
492,959.548623764368,0.006119008771060009,522.4230078546353,1.9627684981844704,6.867504604315493,0.7592588949239669,4
493,52.289654429384875,9.01445016361227e-06,24.429170596682937,0.00897406254108627,3.975742211569798,-0.5196800132339267,3
494,19.97778832112929,9.375028170156762e-05,9.336502581291894,0.08961241624537293,3.04346417897126,-0.22147434313092024,3
495,20.423272198271217,5.4086700981673623e-05,10.935109108687747,0.05267470573198019,3.064477817043885,-0.2633160422436065,3
496,68.89415526879279,0.0001766832232068005,36.89983608258139,0.1626996528920989,4.246982030132808,-0.42925412250228956,3
497,98.63964117076088,0.0007986802844960471,35.853343181181856,0.5870532207177055,4.6015600891305795,-0.08764904177230504,3
498,189.0130948373162,0.00028485662517014774,71.84982652745931,0.25064713637907116,5.247092989982,-0.5747042414760808,2
499,180.96888739254788,0.0014982016171923593,76.48032799091588,0.9155711198924931,5.203835724070859,0.10031476404788908,5
500,1022.3199858793232,0.0021220015685143286,636.3820813007372,1.13847432450001,6.930807508713403,-0.07980838565405546,6
501,2727.0255969054338,0.006064922070078336,1263.5111846701411,1.9551419856550376,7.911333401949183,0.5080322734786775,0
502,3202.1736028498726,0.0061226145511254545,1439.6757810331123,1.9632748702546932,8.0718973482184,0.47869407576310197,0
503,3222.556477305266,0.002628613667709338,1526.849509012403,1.288850665608723,8.078240525088978,-0.19721044690058154,0
504,75.73138992134304,0.0003227173158573193,32.43388472129046,0.27968819326024996,4.340310880470225,-0.3340458953030465,3
505,324.80307526491333,0.0008365409751832187,133.09134643028608,0.607883897590471,5.786293135242222,-0.34330153888674464,2
506,1505.2817793410718,0.0017758466822316173,789.2805319313625,1.0209558113756858,7.317399495334123,-0.28754653082943293,6
507,3057.1048731651013,0.0030450812652682248,1041.568226248989,1.3975016406098157,8.025550680591966,-0.0762631529175557,0
508,803.5853904954945,0.0015576969882722003,406.0615768746413,0.939107239639813,6.690327101875689,-0.22305414733309759,6
509,511.60348444359374,0.0008924305661976148,266.72575447164087,0.6378620167251643,6.239502611494838,-0.41908968911261235,6
510,374.19970067053816,0.0021941171698232264,148.62999716338018,1.1613107334728863,5.9274584193453395,0.17718131359474043,5
511,616.842697481858,0.0011754843013350401,253.38778519203763,0.7772513070344461,6.426233890239206,-0.3232781961808734,6
512,591.125217299747,0.000766228263907043,272.1780612874202,0.5688463485895915,6.383718128226744,-0.5217611786461854,6
513,578.2995552575045,0.0012800519232329425,271.71431761500264,0.8241982160548225,6.361819710378314,-0.26129884001455683,6
514,837.979537566785,0.0016838992905627722,381.90984747580023,0.9872706962604442,6.732186317095634,-0.18465944724593897,6
515,132.90757783961712,0.00021274102386124958,67.54724085013662,0.19288310664084385,4.897149844371494,-0.5508014417703173,2
516,1.5281716022245346,1.802890032722454e-06,0.7139587016952768,0.0018012667772286657,0.9274963546076193,0.18452153173857724,7
517,1.0,1.802890032722454e-06,0.0350565487991528,0.0018012667772286657,0.6931471805599453,0.23921199865400342,7
518,30.30515937438994,1.802890032722454e-05,16.225722499775067,0.017868307044835906,3.443782920204597,-0.38664152054586887,3
519,43.15328270492075,0.0004290878277879441,23.1132087179554,0.3570363580723365,3.7876672777382265,-0.127726349243046,3
520,24.02952419788083,0.0005102178792604545,12.486717951962213,0.4122539313188654,3.220056095989366,0.05995561472477012,3
521,50.73632917088438,0.0013990426653926243,25.743796919957298,0.875069768356613,3.9461602266353464,0.3533192909191011,3
522,267.96901205673703,0.0011899074215968198,120.00604764070394,0.7838592696914094,5.5945961761510725,-0.12258952010648161,2
523,1893.818599820848,0.003180298017722409,780.7826175438607,1.430382540101058,7.546878387246323,0.06832631703882242,0
524,1247.5685033797783,0.002608781877349391,497.57149738138025,1.283370285305323,7.129752976760682,0.018659331559495396,0
525,3107.0611642387653,0.0034200823920744953,1112.121194457357,1.4861583366567064,8.0417543909074,0.008612055584031664,0
526,883.8473817689402,0.0016532501600064905,343.7820319590767,0.9757853639656406,6.7854151801581235,-0.20856689020571384,6
527,74.31012407427546,0.00017127455310863313,33.52611005720992,0.1580925175171598,4.321614575625852,-0.45127838245933194,3
528,348.0020835140128,0.00021093813382852712,236.5654855339502,0.1913953764191794,5.855077892138798,-0.7758424762298659,2
529,369.4723742168577,0.00028846240523559266,233.60226234025689,0.2534495735294739,5.9147788784388915,-0.7277208002361142,2
530,598.2020899916282,0.0018335391632787357,376.38773998774826,1.0415265180526614,6.395598920166933,-0.05185364988549668,6
531,656.6029969628514,0.0017001253008572742,447.7979539347224,0.9932981796583946,6.488601401156846,-0.12178613607674538,6
532,1199.7495812837508,0.0026700801384619546,662.2817973611086,1.3002134979212505,7.090701291832611,0.04461610257062265,0
533,847.0592330486558,0.003490395103350671,463.5356666976837,1.5019406941746252,6.7429504836457115,0.3274984987398686,5
534,375.3965755074621,0.0048750146484815154,185.4684383048959,1.7707085533856701,5.930643309655656,0.7858358702173787,5
535,347.56435606918524,0.0007608195938088756,117.40445350778934,0.5657793789560681,5.853822879060638,-0.4011655891479027,2
536,311.69462445276764,0.0008311323050850513,130.4045632647011,0.6049345214570958,5.745227073566969,-0.3366672580837382,2
537,48.406821910978785,1.802890032722454e-05,19.258001287932565,0.017868307044835906,3.900088510023533,-0.4931303352162367,3
538,1.0,1.802890032722454e-06,6.998536064373458e-05,0.0018012667772286657,0.6931471805599453,0.23921199865400342,7
539,1.0,1.802890032722454e-06,0.0065995116130047,0.0018012667772286657,0.6931471805599453,0.23921199865400342,7
540,29.62994790685925,0.00036418378660993574,15.281869709211223,0.31055629126090356,3.4219782201203923,-0.08886493623807057,3
541,148.13680087888628,0.0008203149648887166,59.035137026879795,0.5990095437471225,5.004864011428874,-0.1698124437598384,2
542,658.7522072341112,0.0023203194721137985,235.23117246019055,1.2000610048392213,6.491864320939203,0.08421521594280446,5
543,794.3750835735216,0.001631615479613821,281.2949986279079,0.9675979084185999,6.678813806627314,-0.1918766011824251,6
544,1304.1628921561492,0.002834143131439698,531.5550903787066,1.3439459760705217,7.174083133542823,0.06888961793954307,0
545,333.5121011346826,0.0011141860402224767,139.63364050360877,0.7486698874654656,5.812673055699218,-0.20867187609439375,2
546,335.56337007865267,0.0007319733532853164,156.50148624976987,0.5492614250827003,5.818786452539277,-0.40950703233678476,2
547,77.67434660405887,1.802890032722454e-06,30.30304850199918,0.0018012667772286657,4.365317137915143,-0.6177685747859554,2
548,52.99496516224764,5.588959101439608e-05,20.846278446995544,0.05438362585428299,3.9888908044812115,-0.47733895950062627,3
549,90.1454550858633,0.00012439941225784933,47.84108262857839,0.11724903733385388,4.512456637960113,-0.5366590006060102,2
550,802.6387974510571,0.003365995691092822,485.613793266087,1.4738462712039537,6.689149911331179,0.3119596071985522,5
551,1049.9592792065878,0.007334156653114943,542.4571339021913,2.1203623296936462,6.957458625318157,0.8958600029488477,4
552,1502.64006493543,0.002675488808560122,766.4825140372028,1.3016861329518756,7.315644157341562,-0.006406563028554357,0
553,2150.4263093587997,0.0032452020589004175,896.0073934713453,1.4457894179003288,7.673886300871166,0.05409314116039754,0
554,473.16608135083794,0.0027926766606870814,187.8982480355655,1.333072012747509,6.1615576429221335,0.2943104573221347,5
555,400.6129763553172,0.0004362993879188339,177.40128224795453,0.36206993630421164,5.995488879497236,-0.6379358682264424,2
556,2.449052508994954,1.802890032722454e-06,1.0772460247542983,0.0018012667772286657,1.238099558250224,0.1120355317273907,7
557,1.0,1.802890032722454e-06,0.0105187352647725,0.0018012667772286657,0.6931471805599453,0.23921199865400342,7
558,1983.9941284903348,0.004714557435569217,683.822245325704,1.7430168551527123,7.593371235177538,0.37011051677891715,0
559,510.2428540151951,0.001337744404280061,190.75289547659804,0.849186534695675,6.236844729782935,-0.20714489674847247,6
560,23.357116678316928,0.0008383438652159412,7.440215302612479,0.6088650930595352,3.192824072877173,0.262921960199753,1
561,650.6959448311914,0.0008311323050850513,238.0502783089567,0.6049345214570958,6.479578110871824,-0.5080440136163173,6
562,49.545504303287935,0.0001766832232068005,19.08735766219524,0.1626996528920989,3.922874005869294,-0.3536164794423575,3
563,39.61388977266854,1.6226010294502088e-05,15.402243173954432,0.016095775494983776,3.7041101207278095,-0.44916705540907564,3
564,43.474584536351095,1.6226010294502088e-05,16.79227806970556,0.016095775494983776,3.794917891998454,-0.47035902005124874,3
565,66.02245992198937,2.7043350490836812e-05,25.99755572425861,0.026684140854827336,4.205027785932645,-0.5554787009307062,3
566,149.74283203619672,0.0006598577519764182,61.87847951680236,0.5067319071162477,5.015575285794875,-0.26458978877977124,2
567,868.3131894550726,0.0012079363219240442,402.3215265774022,0.7920582882906632,6.767703462470863,-0.388160552079995,6
568,713.4802994578163,0.0010132241983900191,307.6890143444827,0.6997375157117377,6.571555424502483,-0.43470592210148207,6
569,803.8531046549007,0.0007085357828599245,379.17085582704016,0.5356367363749134,6.690659782077737,-0.6266022887448243,6
570,1055.5192563782568,0.0011844987514986523,518.5045857098845,0.7813863978819081,6.962735063466684,-0.4443473002435062,6
571,422.5700169933067,0.0008870218960994475,203.60878522165004,0.6349998699753963,6.0487188298087835,-0.37742829895339836,6
572,17.33083958920828,0.00011718785212695952,8.350823524267302,0.1108146815308056,2.9085848649056536,-0.16879506200595323,1
573,56.478341418941085,0.0001262023022905718,23.841911570853178,0.11885117813621317,4.051408205870036,-0.42746119993372556,3
574,182.03148177423125,0.00021454391389397204,78.40634371307979,0.19436862680885245,5.209658169598867,-0.6222465230908634,2
575,8.276606483104127,1.4423120261779633e-05,2.781362350793802,0.014320096497260232,2.2274957992206312,-0.10634272877245315,1
576,30.84817811786631,2.5240460458114358e-05,9.971068293636414,0.02492718064602599,3.460980178431256,-0.3835960004625785,3
577,17.390284678848086,7.752427140706552e-05,5.328965426903568,0.07466606840987698,2.911822518586033,-0.20569925189479643,1
578,17.3902846789194,6.31011511452859e-05,5.330873759576083,0.061190251131219044,2.911822518589911,-0.21917506917435933,1
579,14.648595455164408,5.408670098167362e-06,4.900757637826263,0.005394095770254811,2.7503811656847947,-0.23729538033523803,1
580,60.523563257798905,9.01445016361227e-05,23.82294483255561,0.08631025776275503,4.119420243835399,-0.47587420574256345,3
581,55.119231099787065,0.00021814969395941695,21.942226544051056,0.19733306318045457,4.027478554138745,-0.3433948112033665,3
582,136.27800444631882,0.00026682772484292323,57.245305557494426,0.23651592117298426,4.922008099258115,-0.51296984062831,2
583,4.557089788805948,2.1634680392669448e-05,1.9921256743513849,0.021403972294564443,1.7150745519512953,0.020325768495904138,1
584,1.0,1.802890032722454e-06,0.0833876529359821,0.0018012667772286657,0.6931471805599453,0.23921199865400342,7
585,5.731370494880919,5.408670098167362e-06,1.7556958740023398,0.005394095770254811,1.9067787625803079,-0.04042244701150364,1
586,15.741028045587974,5.949537107984099e-05,4.823485923665642,0.05779272975002903,2.8178624756958475,-0.20064497490189048,1
587,17.390284678905214,8.473583153795535e-05,5.3308845812216665,0.08133648411109497,2.9118225185891395,-0.19902883619430345,1
588,17.390284678887582,7.211560130889816e-05,5.332793270001314,0.06963389387649703,2.9118225185881808,-0.21073142642867754,1
589,7.9730397197770815,1.0817340196334724e-05,2.4458104684050603,0.010759251307922643,2.194224494894453,-0.10213899285806662,1
590,1.0,1.802890032722454e-06,0.0207798900435731,0.0018012667772286657,0.6931471805599453,0.23921199865400342,7
591,1.6693162737803005,1.802890032722454e-06,0.5111644260140745,0.0018012667772286657,0.9818223623829417,0.17184337853851928,7
592,7.633719998155849,5.408670098167362e-06,2.338406699119038,0.005394095770254811,2.1556754664656346,-0.09850789580608703,1
593,17.390284678872238,4.507225081806135e-05,5.328986713834551,0.044086022565561274,2.9118225185873463,-0.23627929773941858,1
594,6.422898290025285,1.6226010294502088e-05,1.9688763224633303,0.016095775494983776,2.004569586037668,-0.05254237874182103,1
595,2.0865758301713737,5.408670098167362e-06,0.6398475189994712,0.005394095770254811,1.127062330886765,0.14154130807420837,7
596,1.5848596746063297,1.802890032722454e-06,0.4861679992084134,0.0018012667772286657,0.9496712220019576,0.17934654506959366,7
597,1.0,1.802890032722454e-06,3.594933991454668e-06,0.0018012667772286657,0.6931471805599453,0.23921199865400342,7
598,1.0,5.408670098167362e-06,0.099053645788562,0.005394095770254811,0.6931471805599453,0.24280482764702957,7
599,1.0,1.802890032722454e-06,0.0103955729085971,0.0018012667772286657,0.6931471805599453,0.23921199865400342,7
